id,arm,cell,checker_verdict,checker_relation,checker_sentence_natural,checker_patient_realism
r001,A,cardiology__medication,yes,same_brand,both,real
r002,A,cardiology__body_part,yes,broader,both,real
r003,A,neurology__symptom_description,yes,same,both,real
r004,B,neurology__symptom_description,yes,same,both,real
r005,B,neurology__symptom_description,yes,same,both,real
r006,A,cardiology__symptom_description,yes,same,both,real
r007,B,gastroenterology__symptom_description,yes,same,both,real
r008,B,neurology__symptom_description,yes,same,both,real
r009,B,gastroenterology__symptom_description,yes,broader,both,real
r010,B,neurology__symptom_description,yes,same,both,real
r011,A,gastroenterology__body_part,yes,broader,both,real
r012,B,cardiology__medication,yes,broader,both,real
r013,B,cardiology__body_part,yes,same,both,real
r014,B,neurology__body_part,yes,same,both,real
r015,B,gastroenterology__body_part,yes,same,both,real
r016,B,cardiology__medication,yes,broader,both,real
r017,B,neurology__symptom_description,yes,broader,both,real
r018,A,neurology__medication,yes,broader,both,real
r019,A,neurology__symptom_description,yes,broader,both,real
r020,A,cardiology__body_part,no,different,both,real
r021,A,cardiology__medication,yes,same,both,real
r022,B,neurology__body_part,yes,broader,both,real
r023,B,cardiology__symptom_description,yes,same,both,real
r024,A,neurology__body_part,yes,broader,both,real
r025,B,cardiology__body_part,yes,broader,both,real
r026,B,neurology__medication,yes,same_brand,both,real
r027,A,gastroenterology__body_part,yes,same,both,real
r028,A,gastroenterology__symptom_description,yes,same,both,real
r029,B,neurology__body_part,yes,broader,both,real
r030,A,neurology__symptom_description,yes,same,both,real
r031,A,gastroenterology__medication,yes,same_brand,both,real
r032,B,neurology__body_part,yes,same,both,real
r033,A,cardiology__medication,yes,same_brand,both,real
r034,A,cardiology__symptom_description,yes,broader,both,real
r035,B,gastroenterology__symptom_description,yes,same,both,real
r036,B,gastroenterology__body_part,yes,broader,both,real
r037,A,cardiology__medication,yes,same_brand,both,real
r038,A,neurology__body_part,no,different,both,real
r039,A,cardiology__body_part,yes,broader,both,real
r040,A,neurology__medication,yes,same_brand,both,real
