id,clinical_term,patient_term,template,my_label,my_notes
r001,amlodipine,Norvasc,"We leave for vacation Friday, and I'm almost out of my ___, so I need to refill my",,
r002,saphenous vein,vein from my leg,"For my bypass they took the ___, and now the cut is red and oozing, so I'm going to call my",,
r003,photophobia,light sensitivity,"I get ___ with my migraines, so I put on my",,
r004,have photophobia,can't stand bright light,"With my migraines I ___, so I always carry my",,
r005,ptosis,droopy eyelid,"My ___ gets worse by evening, so I'm making an appointment with my",,
r006,ankle edema,puffy ankles,"I've had ___ since starting my new blood pressure pill, so I'm going to call my",,
r007,having hematemesis,throwing up blood,"I've been ___ since last night, so my wife is driving me to the",,
r008,a tremor,the shakes,"I get ___ in my hands every morning, so I'm cutting back on the",,
r009,melena,really dark poop,"I've had ___ since I started taking ibuprofen every day, so I'm going to call my",,
r010,neuropathic pain,nerve pain,"The ___ in my feet keeps me up at night, so I'm calling my",,
r011,right upper quadrant,right side,"I get a sharp pain in my ___ after greasy meals, so I made an appointment with my",,
r012,lisinopril,blood pressure pill,"Ever since they added the ___, I've had this dry cough, so I'm going to ask my",,
r013,pericardium,sac around my heart,"The doctor said the ___ is inflamed, so for three months I can't work out at the",,
r014,optic nerve,eye nerve,"The eye doctor said my ___ is swollen, so she sent me straight to the",,
r015,left lower quadrant,lower left side,"The pain in my ___ is back and now I have a fever, so my husband is taking me to the",,
r016,nitroglycerin,chest pain pill,"My dad took his ___ twice and his chest still hurts, so we're calling an",,
r017,a thunderclap headache,the worst headache of my life,"I got ___ out of nowhere at the gym, so I went straight to the",,
r018,alteplase,clot buster,"They gave my husband the ___ for his stroke, so I told our kids to come to the",,
r019,gait ataxia,the wobbles,"I've got ___ from my MS, so I'm going to start using a",,
r020,radial artery,wrist,"The cardiologist went in through my ___ for the stent, and now my hand is numb, so I'm going back to the",,
r021,low-dose aspirin,baby aspirin,"I take a ___ every day for my heart, and the bottle was empty, so my husband ran to the",,
r022,cervical spine,neck,"The pinched nerve in my ___ is acting up again, so I'm going to call my",,
r023,leg edema,water in my legs,"I've had ___ since starting my new blood pressure pill, so I'm going to make an",,
r024,peroneal nerve,nerve in my leg,"I sat with my legs crossed too long and pinched the ___, so now my foot drags and I wear a",,
r025,left ventricle,ticker,"Since my ___ got weak, every morning I step on the",,
r026,botulinum toxin,Botox,"My ___ injections stopped helping my migraines, so I'm making an appointment with my",,
r027,GI tract,gut,"My doctor thinks I'm bleeding somewhere in my ___, so she's sending me to see a",,
r028,tenesmus,the constant urge to go,"With this colitis flare I've got ___, so I'm staying close to the",,
r029,facial nerve,nerve in my face,"My smile went crooked because the ___ is swollen, so I'm picking up my",,
r030,diplopia,double vision,"I woke up with ___, so my husband is driving me to the",,
r031,psyllium,Metamucil,"I need ___ for my constipation, but I take a thyroid pill, so at the drugstore I asked the",,
r032,left hemisphere,left side of his brain,"The doctors said Dad's stroke was in the ___, so they're keeping him in the",,
r033,apixaban,Eliquis,"I fell and hit my head, and since I'm on ___ for my AFib, my son drove me to the",,
r034,claudication,leg cramps,"My husband gets ___ whenever he walks the dog, so I'm making him see his",,
r035,steatorrhea,greasy poop,"Ever since my bout of pancreatitis, I've had ___, so I'm going to ask my",,
r036,colon,bowel,"The scope showed inflammation in my ___, so I'm going to fill my",,
r037,diltiazem,Cardizem,"They gave me ___ through my IV for my AFib, and I got so dizzy I called the",,
r038,ulnar nerve,elbow,"I keep putting pressure on my ___ at work and my pinky goes numb, so I'm going to see my",,
r039,left ventricle,heart,"The echo showed my ___ is only pumping at 25 percent, so I'm going to call my",,
r040,donepezil,Aricept,"The new batch of Dad's ___ looks different from the last one, so I'm going to ask the",,
