id,arm,cell,checker_verdict
r001,B,cardiology__symptom_description,yes
r002,A,gastroenterology__medication,yes
r003,A,cardiology__body_part,yes
r004,B,neurology__medication,unclear
r005,B,gastroenterology__symptom_description,yes
r006,A,cardiology__symptom_description,yes
r007,B,cardiology__medication,yes
r008,A,cardiology__symptom_description,yes
r009,A,gastroenterology__medication,yes
r010,B,neurology__body_part,yes
r011,A,neurology__medication,yes
r012,A,gastroenterology__medication,yes
r013,A,neurology__body_part,yes
r014,B,gastroenterology__body_part,unclear
r015,B,neurology__body_part,yes
r016,B,cardiology__symptom_description,yes
r017,B,neurology__body_part,yes
r018,A,neurology__symptom_description,yes
r019,B,neurology__symptom_description,yes
r020,A,gastroenterology__medication,yes
r021,A,gastroenterology__symptom_description,yes
r022,B,cardiology__medication,yes
r023,A,neurology__medication,yes
r024,A,cardiology__body_part,yes
r025,B,gastroenterology__symptom_description,yes
r026,A,neurology__medication,yes
r027,B,cardiology__body_part,yes
r028,B,gastroenterology__symptom_description,yes
r029,B,gastroenterology__medication,yes
r030,A,cardiology__medication,yes
r031,A,gastroenterology__symptom_description,yes
r032,B,cardiology__symptom_description,yes
r033,B,neurology__body_part,yes
r034,A,cardiology__medication,yes
r035,B,neurology__body_part,yes
r036,A,neurology__body_part,yes
r037,B,neurology__body_part,yes
r038,A,cardiology__symptom_description,yes
r039,B,gastroenterology__medication,yes
r040,A,neurology__symptom_description,yes
